{
    "pixel_mean": [
        64.6923828125,
        73.77374267578125,
        54.87343978881836,
        105.73790740966797,
        9.743353843688965
    ],
    "pixel_std": [
        35.81633377075195,
        26.611621856689453,
        21.802833557128906,
        39.297550201416016,
        8.990876197814941
    ]
}