"","treeID","Z","npoints","convhull_area","X","Y"
"1",8,1.019,310,1.084,-9.70322046516863,7.7064055323045
"2",13,1.769,1580,2.128,-8.23870769062098,3.72095645989687
"3",14,0.987,1633,1.462,-6.24572426636637,2.70702533657027
"4",15,1.224,20463,2.191,-0.744320939806575,2.7335635073372
"5",16,0.864,10142,1.642,1.8012199647363,2.58094930185477
"6",17,1.465,295,1.384,-11.754188732356,1.72131489551716
"7",18,0.577,9429,0.186,-0.793368693552818,0.793532532099895
"8",20,0.713,805,0.223,-5.25639477190112,-0.770248635441534
"9",21,1.713,1843,2.197,-8.75395311150759,-2.25596006528275
