"","treeID","Z","npoints","convhull_area","X","Y"
"1",2,1.418,603,1.55,7.26855971081896,9.76319162657939
"2",3,0.451,435,0.224,0.747756968978736,7.26801096631694
