"","treeID","Z","npoints","convhull_area","X","Y"
"1",32,0.444,1286,0.243,-4.25003983491996,1.25131538818083
"2",35,0.617,282,0.205,-6.73920613285826,-0.235644186841078
"3",42,0.691,532,0.228,-5.235512696435,-1.73430060732889
"4",50,0.414,192,0.223,-7.25163846063008,-4.75143238294259
"5",52,0.391,529,0.468,-2.74913178152813,-5.0140088594631
"6",56,0.462,208,0.228,-5.24830334569395,-6.24868074403301
"7",58,0.517,107,0.177,-2.79312008009423,-8.262778796702
