"","treeID","Z","npoints","convhull_area","X","Y"
"1",8,1.628,2394,3.285,-1.22380584107242,9.87774299961139
"2",24,1.376,8002,2.216,-2.24649376109215,2.75442149806442
"3",29,0.586,188,0.152,-6.18764887621957,-0.216653341935597
"4",31,0.371,522,1.548,-10.2443803364515,-0.721116212136237
"5",41,0.669,171,0.206,-3.2223322163389,-4.22902178260648
