"","treeID","Z","npoints","convhull_area","X","Y"
"1",30,1.324,21315,5.381,-2.19941038922865,3.21405979805338
"2",31,1.39,135,0.723,14.1172942023165,3.08982731855612
"3",37,1.621,875,1.82,12.3051976574804,1.69277326445336
"4",39,1.308,190,1.03,13.9091444136981,1.30999889510557
"5",63,1.307,102,0.565,-10.5776110887602,-7.55039514020476
