"","treeID","Z","npoints","convhull_area","X","Y"
"1",29,1.2,1424,4.706,-8.76101141470067,4.23803180003991
"2",62,0.719,100,0.102,-2.78934071437535,-12.1936554557618
