"","treeID","Z","npoints","convhull_area","X","Y"
"1",36,1.997,1413,2.062,-10.276389156353,0.242888804467659
"2",39,0.322,140,0.182,-8.29942337419088,-1.24767188908782
"3",49,1.306,369,1.116,11.1883184077083,-9.23757490997187
