"","treeID","Z","npoints","convhull_area","X","Y"
"1",25,0.761,133,0.199,7.75639080934581,2.25091874384989
"2",27,1.474,31465,2.048,1.1960217905672,1.79017311076727
"3",28,1.517,68803,2.113,1.7852790645022,0.713949199431951
"4",35,0.85,1837,2.011,2.711580509607,-4.79576075227637
"5",36,1.014,2393,2.76,4.98306046357872,-5.17584861655351
"6",37,0.867,707,1.929,-1.29450137038628,-5.77718512299873
"7",42,1.183,113,0.155,-12.7665030179619,-7.22996467124106
