"","treeID","Z","npoints","convhull_area","X","Y"
"1",6,0.332,214,0.163,7.74515970942187,-6.21733918462811
"2",13,0.176,110,0.068,5.88292419338303,-8.27762540458999
