"","treeID","Z","npoints","convhull_area","X","Y"
"1",52,1.624,352,1.986,-10.2335310004895,-8.74246362634751
