"","treeID","Z","npoints","convhull_area","X","Y"
"1",42,0.548,112,0.161,10.7204197884613,-7.76088551620177
"2",45,1.734,110,0.361,-11.4229026454044,-9.42477065602075
"3",48,0.668,239,1.464,6.23081542977008,-12.2159923720888
