"","treeID","Z","npoints","convhull_area","X","Y"
"1",13,1.404,2513,4.968,-7.19568730011071,4.78874593947953
"2",32,1.016,358,1.124,-10.697834283205,-2.25156484819696
"3",40,1.338,284,0.738,9.11536807755446,-5.59119009089006
"4",41,1.465,102,1.232,-10.5461766271182,-6.17576725641004
"5",45,1.784,308,3.35,-9.15587619924584,-8.1346838621417
