"","treeID","Z","npoints","convhull_area","X","Y"
"1",6,1.229,213,0.951,6.72591313293462,11.1800554499037
"2",18,0.937,2052,2.168,1.26913528715735,6.24773850209029
"3",21,0.958,2555,1.386,-2.21251261092369,5.27183383993904
"4",25,1.971,211,2.734,12.89271055766,2.15698892536818
"5",41,0.239,199,0.228,1.25687844044077,-8.25291371291169
"6",42,1.288,1360,2.013,-2.70026803828097,-9.22843886674275
"7",43,1.348,603,2.017,-0.207677266603349,-10.2428811318433
