"","treeID","Z","npoints","convhull_area","X","Y"
"1",11,1.967,1288,5.958,-4.45681193697824,8.89613867034426
"2",26,0.488,149,0.206,-7.75800565358014,2.24195316879477
"3",27,0.759,9492,1.714,1.74837109706401,2.25207746710434
"4",30,0.954,489,1.313,-6.26698699384759,1.19771506949613
"5",31,0.905,6685,1.634,-3.22017663928062,0.757171824123676
"6",34,0.774,674,1.942,-7.67219047364042,-0.786572877447224
"7",36,0.533,645,0.236,-4.25292268768797,-1.24145444498922
"8",37,0.539,49044,2.234,-1.2537093763807,-1.25221663746414
