"","treeID","Z","npoints","convhull_area","X","Y"
"1",19,0.549,427,1.441,-6.26521797962048,5.70937358328301
"2",23,1.562,732,1.735,10.3285468258832,4.22106856658844
"3",62,1.362,140,0.252,2.31772792887182,-8.26891737208819
"4",67,1.627,226,1.806,-5.23880162587668,-11.3192307267061
