"","treeID","Z","npoints","convhull_area","X","Y"
"1",11,0.268,114,0.209,0.730994532934571,8.27498965748429
"2",18,0.492,801,1.401,-3.23547324379669,6.22386196267427
"3",20,0.479,266,0.228,-0.742260685636369,5.75723283019586
"4",21,0.582,932,0.243,1.24720356367674,3.74977570219158
"5",22,0.735,679,1.521,6.23700985416899,3.2708276036632
"6",29,0.379,1125,0.247,3.74945421779493,0.749853245380594
"7",30,0.988,98120,2.128,-1.28748365548456,0.27406193987659
"8",41,0.337,125,0.187,7.74458195852897,-3.20424518237821
"9",45,0.197,189,0.229,7.75579953407462,-4.25763202748931
