"","treeID","Z","npoints","convhull_area","X","Y"
"1",7,0.722,127,0.204,1.76556993995587,7.73576176655411
"2",9,0.616,160,0.195,-3.74394102471201,6.74331155240007
"3",10,0.462,255,0.217,3.75876250410655,6.75241589671268
"4",12,1.395,1540,2.167,6.26455628417974,5.74128004892059
"5",15,0.888,4799,1.567,0.763143189095201,4.23939454232483
"6",28,0.255,1209,0.223,-3.26605345296965,-1.23309229002111
"7",38,0.959,188,0.817,13.5884913912655,-5.17932338980853
"8",56,1.57,286,1.608,4.29989926891217,-11.6275173102119
"9",58,1.341,215,1.506,4.87269074975666,-12.8465606897587
