"","treeID","Z","npoints","convhull_area","X","Y"
"1",29,0.312,2339,0.243,0.749194676962254,1.74604424638217
"2",31,0.469,5512,0.247,-1.75142045007623,1.24928376447232
"3",40,0.356,5344,0.248,0.249464579241395,-2.24942720307284
"4",45,0.254,182,1.251,-9.80675871842928,-4.23060612686072
