"","treeID","Z","npoints","convhull_area","X","Y"
"1",4,0.884,170,1.287,5.27243313467349,12.2353123472888
"2",20,0.946,1673,1.573,0.247509419439639,5.75727328207514
"3",27,0.486,1033,0.247,1.75003644916538,3.75187795824854
"4",30,0.586,9855,1.493,1.74835733930185,2.50143373460092
"5",31,0.749,10452,3.442,-2.9466844755182,2.05855842084571
"6",32,0.54,30516,1.075,1.29024561454919,0.977091610760784
"7",42,0.636,1398,0.244,-3.25119999589428,-1.24692381490035
"8",49,0.772,8181,1.593,-1.76268725899104,-3.22964129141043
