"","treeID","Z","npoints","convhull_area","X","Y"
"1",13,1.035,317,1.513,9.29762554443364,9.31807388501875
"2",15,0.433,187,0.199,2.25930905556423,8.78388114351617
"3",18,0.752,1236,2.121,2.72251018416998,6.25992944144387
