"","treeID","Z","npoints","convhull_area","X","Y"
"1",23,0.297,105,0.186,-14.2764973087642,2.77632300937015
"2",41,0.868,4126,2.234,-3.74730568129863,-1.75007277179178
"3",43,1.106,61537,4.56,-0.0668430762664636,-2.21210093978315
"4",46,1.289,423,1.674,12.6262546340003,-3.78894147550324
"5",51,0.955,3968,3.484,1.59592078702338,-5.04264140319602
"6",52,1.158,1493,2.563,3.08910382791011,-5.20384065450628
"7",60,1.078,605,1.17,5.21818927579665,-7.75791046200987
