"","treeID","Z","npoints","convhull_area","X","Y"
"1",15,0.536,388,1.294,2.2638021925797,7.73649650978476
"2",17,0.984,730,1.455,6.24424368093476,6.70181583630005
"3",24,1.455,19322,4.128,-1.7544013995146,3.25526547540332
"4",29,0.461,175,0.212,14.2692866168909,1.76108816218693
