"","treeID","Z","npoints","convhull_area","X","Y"
"1",20,0.847,110,0.785,-7.51067123054494,7.51432862343133
"2",24,0.381,146,0.175,5.73962088583461,6.23997955481005
"3",25,1.089,4348,2.21,-3.24429317853645,4.75390404245073
