"","treeID","Z","npoints","convhull_area","X","Y"
"1",42,1.592,616,1.253,-12.2327495790313,-0.319273337498112
"2",56,0.729,5329,1.636,-0.26790490639883,-3.7640339917492
"3",62,0.852,130,0.221,-0.763717875180661,-5.76422308748391
"4",67,0.425,127,0.197,-0.254135827728709,-7.76372033347514
"5",76,1.022,211,0.542,-3.75931990192255,-14.1498020600074
