"","treeID","Z","npoints","convhull_area","X","Y"
"1",11,1.916,4683,3.676,-3.21726319253503,3.72758279946922
"2",22,1.648,297418,5.381,-1.2776327374883,-0.255917326168401
"3",25,0.542,211,0.879,-7.67962051919298,-1.38883865804184
"4",27,1.483,4492,1.734,-3.35191060091149,-2.62922793381357
"5",33,1.233,8775,2.066,0.199369830925803,-4.21069043778359
"6",40,0.825,221,0.675,-2.18348234597294,-6.16543685791441
"7",42,1.915,708,2.33,1.93015282099235,-6.96202595771138
"8",46,1.95,667,2.516,4.21082286847967,-9.05012114873238
