"","treeID","Z","npoints","convhull_area","X","Y"
"1",10,1.389,1024,1.77,-3.23993269650345,8.7812013337615
"2",12,1.09,256,1.212,7.19891872746735,7.18572951416281
"3",16,0.98,611,1.373,5.67081756129767,6.26766480786338
"4",19,1.238,905,1.317,4.67857813912948,4.7249245393
