"","treeID","Z","npoints","convhull_area","X","Y"
"1",6,0.312,178,0.338,2.5875065800108,10.763326811967
"2",20,1.035,19936,5.012,-1.26194979672777,3.21064086913195
"3",21,1.059,42804,4.534,0.483885962976714,2.70579969685451
"4",48,0.48,419,0.99,-1.44822030001742,-6.23137055255605
"5",49,1.022,108,0.501,-10.3582535360025,-7.54890984839718
"6",52,0.841,645,0.711,-1.20202436559717,-8.58385495710641
