"","treeID","Z","npoints","convhull_area","X","Y"
"1",23,1.763,347,1.74,12.2660558680307,0.653896705558711
"2",24,0.619,721,1.442,7.75456502475143,0.277648830521599
"3",26,0.747,2374,1.581,-3.72393337459731,-3.23683177106906
"4",34,0.703,303,1.344,6.26391485963043,-7.22183772259817
