"","treeID","Z","npoints","convhull_area","X","Y"
"1",17,1.342,499,2.437,7.63485271237837,8.44017073225272
"2",44,1.326,14665,4.042,4.25911295131453,-1.72768577651259
"3",45,0.922,371,1.5,-11.7128514863681,-2.88826257402406
"4",52,1.057,458,1.402,6.72693991679903,-6.75960390976836
"5",59,1.438,363,1.942,-1.27565152459064,-9.81901796403178
