"","treeID","Z","npoints","convhull_area","X","Y"
"1",43,1.164,785,2.905,-1.86880440590349,-12.2994894055325
