"","treeID","Z","npoints","convhull_area","X","Y"
"1",1,1.369,107,0.296,-5.23993272363903,13.6125075769859
"2",21,1.413,1862,1.935,10.2540705629653,3.24002180259141
"3",26,0.881,3469,1.714,5.10465378149185,1.22750968840324
"4",27,0.951,1580,1.264,8.1958440431198,1.26106708084594
"5",30,1.436,107824,2.237,-1.74732545680947,0.252595007742331
"6",31,1.29,571,1.238,12.6876978234627,0.199742043197963
"7",39,0.67,1717,1.467,3.74127316752298,-2.71368609402736
"8",40,1.53,13886,4.07,-2.74388744134179,-4.25558488497129
"9",45,1.866,5790,3.3,3.73168005301576,-5.5874292901289
