"","treeID","Z","npoints","convhull_area","X","Y"
"1",19,1.277,1116,1.26,3.81886997007116,4.46821263925088
"2",22,1.531,522,1.276,13.9813326846762,3.75391906154497
"3",28,1.285,13483,1.992,4.20000866737091,1.24160370360887
"4",52,1.453,351,1.745,0.409749544789939,-7.82229287507676
"5",62,1.302,129,0.418,0.590762266338131,-11.9748504181092
