"","treeID","Z","npoints","convhull_area","X","Y"
"1",30,0.115,211,1.283,-14.0090541082094,2.76018624282708
"2",48,0.131,157,1.236,9.42923618627448,-3.08161303169157
"3",56,1.015,1160,1.52,-0.231673339089185,-5.75718895238459
"4",57,0.229,109,0.159,9.79938769604358,-6.29121917457761
"5",59,0.149,158,0.231,6.74957608056853,-6.74875913584879
"6",62,0.322,193,0.219,2.24228664430614,-8.24209367660096
"7",71,0.527,102,0.124,-0.779903804520084,-11.7287942942943
