"","treeID","Z","npoints","convhull_area","X","Y"
"1",26,0.894,2775,2.183,3.25728449686599,4.24154389510559
"2",27,0.845,273,1.266,-9.18359396970965,3.26951075894373
"3",32,0.625,586,1.357,-7.72050206959413,1.75449817228335
"4",33,0.879,2239,4.625,-5.17171769295458,1.81226151795578
"5",59,0.856,292,0.703,-6.81626363338839,-6.99337188170893
"6",71,1.145,231,0.406,7.90004204769413,-12.4686059157798
