"","treeID","Z","npoints","convhull_area","X","Y"
"1",1,0.839,283,1.406,-1.70173704223648,13.6380264424299
"2",16,0.677,228,0.678,-8.42969020146959,5.30914336934208
"3",38,0.958,326,0.709,11.9586569683703,-2.19439507343762
