"","treeID","Z","npoints","convhull_area","X","Y"
"1",2,0.459,182,0.195,0.760748793769928,11.2837944967009
"2",6,0.328,187,0.185,-5.26228898517308,7.27603529468013
"3",7,0.47,152,0.188,-3.23777242906835,5.29748657266156
"4",8,1.026,532,1.038,11.855324556182,3.87605971513067
"5",9,1.071,151,0.156,7.80129924740506,2.8033358341625
"6",12,0.797,18700,0.211,1.26250391223313,0.286800030522931
"7",23,1.004,2203,0.744,1.43572089057518,-3.39628823652525
