"","treeID","Z","npoints","convhull_area","X","Y"
"1",16,0.899,940,2.016,4.09941175728356,6.13090314358946
"2",17,0.785,186,1.137,6.79708864574684,6.17727199615755
"3",40,1.454,13343,4.042,3.72375681826615,-1.73791657591643
"4",48,0.383,117,0.173,-11.2945124183572,-6.7385085023862
"5",54,0.733,226,0.999,1.30757158329165,-8.72306725162581
