"","treeID","Z","npoints","convhull_area","X","Y"
"1",37,0.815,616,1.768,10.3107186254411,1.15287580059941
"2",45,1.745,464,1.723,-10.2385640646171,-0.76601062852427
"3",66,1.356,147,0.935,2.73353947905863,-14.0927233958491
