"","treeID","Z","npoints","convhull_area","X","Y"
"1",31,0.926,387,3.003,9.21668087193845,2.67631809850663
"2",59,1.38,1444,3.732,1.65206046359127,-7.94074804393862
"3",60,0.544,348,1.046,4.61084483568356,-8.76022211401393
