"","treeID","Z","npoints","convhull_area","X","Y"
"1",31,0.513,427,0.211,8.77683094006369,0.268350709299618
"2",55,0.929,187,1.344,-9.20404750793851,-9.20691061853979
