"","treeID","Z","npoints","convhull_area","X","Y"
"1",7,1.107,195,0.566,6.78375950660175,11.8896216210093
"2",21,1.045,430,1.613,-9.25043366853762,6.67986287891305
"3",34,1.022,133,0.173,-13.2245640223881,1.71586353614694
"4",42,0.825,3777,2.645,-6.12434624902928,0.145674408297053
"5",47,0.875,934,1.294,-9.13395105360377,-0.745463410664354
"6",56,1.251,892,1.529,-7.26673992933255,-2.76859730947356
"7",62,1.048,902,1.356,-8.22548043184935,-6.22104899186143
"8",72,0.673,144,0.669,8.64549760969074,-11.2260854449641
