"","treeID","Z","npoints","convhull_area","X","Y"
"1",6,0.365,230,1.397,4.22325836626099,10.7208298871302
"2",21,1.029,5701,1.622,-2.26954936268222,2.74225679394522
"3",23,0.588,914,0.241,1.751678454987,2.25126846750453
"4",24,1.963,190,0.611,-12.3897641374425,0.694563534556404
"5",26,1.08,50865,1.7,-0.757785930424859,1.24786590244055
"6",31,0.892,67016,3.477,0.779871606249674,-1.41614765733114
"7",58,1.461,276,1.408,7.87098288331135,-12.1510102111698
