"","treeID","Z","npoints","convhull_area","X","Y"
"1",17,0.733,286,0.257,2.22381955516868,7.08536750300032
"2",34,1.101,6441,4.934,5.16765388452227,0.780555737558955
