"","treeID","Z","npoints","convhull_area","X","Y"
"1",12,1.618,130,0.538,8.46822428670376,10.1681005726938
"2",22,1.26,390,1.067,6.20550980654897,5.3706487399344
"3",41,1.111,11952,2.105,-3.28474903344681,-0.713506160907973
"4",43,1.363,686,1.266,-5.14757864950376,-1.72154477352212
"5",44,1.159,12579,2.094,-2.71336260575837,-1.78705655769971
"6",51,0.746,105,0.561,9.0308025532112,-4.73625755018439
"7",57,1.165,1117,3.977,3.47704114416877,-8.19644368304546
"8",60,1.12,275,0.754,7.35119748854433,-10.1301219838522
