"","treeID","Z","npoints","convhull_area","X","Y"
"1",1,1.941,134,0.627,-5.66123639275826,13.4278315970021
"2",2,2.784,372,1.979,-9.42939764560393,10.9569260910548
"3",3,2.982,630,4.046,-11.6043470006862,8.29670634097154
"4",4,2.998,3632,7.698,-8.91962646722979,8.03791524863692
