"","treeID","Z","npoints","convhull_area","X","Y"
"1",1,2.929,466,2.195,-6.60562990317504,12.9126726383424
"2",2,2.992,480,2.72,7.16959283046396,12.1788764304222
"3",3,2.996,663,1.299,-11.2943734322742,9.31978219795435
"4",4,1.463,165,0.991,-13.8942217567153,-1.32071272930281
"5",5,2.709,775,3.607,-13.2231436895089,-4.64756500150347
