"","treeID","Z","npoints","convhull_area","X","Y"
"1",1,2.999,8291,9.952,-0.754271130898939,9.25400960362569
"2",2,2.993,1619,6.098,5.70883278847503,8.46985155044184
"3",3,2.999,1502,3.815,-12.2636887054584,7.18807156074272
"4",4,2.999,24581,9.955,1.75490390119051,6.22853512948896
"5",5,2.999,6407,9.496,7.74333160947711,5.21763263018626
"6",6,1.769,1580,2.128,-8.23870769062098,3.72095645989687
"7",7,1.713,1843,2.197,-8.75395311150759,-2.25596006528275
"8",8,2.996,2103,6.07,-11.3281656826278,-4.46304704422349
"9",9,2.419,1247,2.203,-7.2482788454692,-5.75749556156614
