"","treeID","Z","npoints","convhull_area","X","Y"
"1",1,2.839,378,2.711,13.7482104974027,-1.70257763225187
