"","treeID","Z","npoints","convhull_area","X","Y"
"1",1,2.999,4636,9.298,-6.2773051513311,8.78101430418542
"2",2,2.731,294,1.147,-9.06398441541981,3.19717432698258
"3",3,2.291,34925,5.172,-4.17806460476123,1.18904770298318
"4",4,2.995,997,3.539,-12.9562062122494,0.619095595833558
"5",5,2.999,2320,3.407,-9.9998779806648,-3.09912562899092
"6",6,2.999,23427,4.456,-1.98514511540421,-3.7927936884544
"7",7,2.999,7467,8.823,3.43552562725095,-7.71841151046084
"8",8,2.999,12435,8.53,1.06851320132071,-8.23020334550589
"9",9,2.988,1566,3.66,-4.45091705817046,-12.0093165640593
