"","treeID","Z","npoints","convhull_area","X","Y"
"1",1,2.65,9,0.001,2.69902743975185,13.6557158196135
"2",2,2.998,1555,5.782,-4.89500721293035,12.9263800180702
"3",3,2.946,3006,4.736,5.53364827485467,12.9631881665421
"4",4,1.169,58,0.167,4.15090198517737,13.3825872475811
"5",5,2.999,1572,5.812,-7.04916904334993,9.30412479277613
"6",6,2.999,19627,9.006,1.2791366735279,8.70962072229032
"7",7,2.999,8254,7.311,-10.2389109191036,4.92944845684606
"8",8,2.999,5589,5.947,-7.1913852791233,1.38888103931095
"9",9,2.999,3252,7.565,11.4861551728768,-6.27632359751212
