"","treeID","Z","npoints","convhull_area","X","Y"
"1",1,2.985,159,0.873,-1.69787041054483,13.8927583841049
"2",2,2.999,3970,6.336,8.2056905178905,4.48353933482215
"3",3,2.999,6521,7.033,-7.97529018753864,-1.9377353354233
"4",4,2.998,47442,7.366,0.530337362762153,-3.88429487403049
"5",5,2.999,3133,6.79,-9.96558765166073,-4.86303101211401
"6",6,2.999,872,1.451,-7.92281480672232,-12.2999266519784
