"","treeID","Z","npoints","convhull_area","X","Y"
"1",1,2.997,1949,6.29,10.3324805919369,6.40474758574113
"2",2,2.998,2770,5.988,-6.98490326633886,5.55730393798134
"3",3,2.998,5678,8.94,-11.1573495401941,5.25624052407037
"4",4,2.971,464,1.719,12.6146368824921,3.69705072841916
"5",5,2.999,10419,7.717,-6.74884213063211,-2.28023711226787
"6",6,2.999,6761,8.757,-6.30475798191255,-4.88145300351974
"7",7,2.999,14990,8.525,-1.3124675993888,-9.39093667657266
