"","treeID","Z","npoints","convhull_area","X","Y"
"1",1,2.998,1217,4.093,-6.27989749411983,12.6204363394644
"2",2,2.994,1371,5.65,-0.175030415075963,11.9628388491497
"3",3,2.996,463,3.38,-5.86989539770739,11.0742697197548
"4",4,2.999,8382,9.272,2.73087482084879,10.7147188677011
"5",5,2.991,1737,4.433,-3.27243318133006,10.4393192401588
"6",6,2.999,12168,7.349,-6.13563384087617,0.53907722105839
"7",7,2.998,1122,4.011,8.53934016644713,-7.13616601716431
