"","treeID","Z","npoints","convhull_area","X","Y"
"1",1,2.999,282,1.745,6.19493800698454,13.1743155506069
"2",2,2.999,2994,5.486,7.91696618395438,9.1768351716912
"3",3,2.998,647,3.566,11.1091501098098,8.33956908096848
"4",4,2.998,786,5.211,-8.2929395153794,6.85772191711229
"5",5,2.999,161388,9.974,-2.22633200559056,1.74903002191856
"6",6,2.998,5785,7.073,-7.94347353600594,-0.185412239439074
"7",7,2.998,3364,6.35,-8.88294811900417,-6.33750342124861
