"","treeID","Z","npoints","convhull_area","X","Y"
"1",1,2.842,897,1.978,-8.62921261606482,10.9606675144199
"2",2,2.927,3747,6.726,-5.92283861589941,8.42971814789282
"3",3,2.999,81387,9.936,-0.743366071829369,3.73621338565591
"4",4,2.999,893,4.455,13.4672498498165,-2.62271462294097
"5",5,2.999,35587,7.57,2.91600629723521,-2.91243477628434
"6",6,2.999,738,5.452,-7.02603868571385,-11.2264681717035
"7",7,2.974,595,3.66,7.11500746437941,-12.0551844604431
"8",8,2.998,949,5.574,5.19232834178927,-12.527622695182
