"","treeID","Z","npoints","convhull_area","X","Y"
"1",31,1.368,792,0.605,13.8032821480088,0.559431540389084
"2",44,1.863,16469,3.877,-1.25406908319276,-3.74814380036624
"3",48,1.604,649,1.295,-4.39398792278738,-4.91987028797725
"4",55,1.279,200,2.538,-5.20107756340865,-9.84619662280286
"5",57,0.967,383,1.309,0.250743118830259,-10.7230339171724
"6",58,1.943,335,3.297,5.77750592305708,-10.7796421981619
