"","treeID","Z","npoints","convhull_area","X","Y"
"1",10,1.163,745,0.973,0.153121286039059,10.5896508183999
"2",12,1.832,127,0.73,-8.67037518792891,10.3949378094821
"3",15,0.489,314,0.153,4.23246707026293,8.71302287951586
"4",38,0.377,123,0.108,-12.7242795963574,-2.31110207006936
"5",39,0.704,3342,1.894,3.16407373028578,-2.77877227887588
"6",44,0.698,348,0.193,0.749842293488824,-4.71854266882626
"7",48,0.648,307,0.117,1.79165427614665,-6.73655869152462
"8",51,1.852,960,2.704,-8.94297158812651,-8.88038419357623
"9",54,1.203,213,0.167,8.68966085860473,-11.9544462442893
