"","treeID","Z","npoints","convhull_area","X","Y"
"1",5,0.781,375,0.136,1.47858846493767,13.3705680970872
"2",9,1.241,110,0.924,-8.81758427953995,10.1484318423668
"3",10,1.34,238,0.903,-7.59441528005971,10.2431426730761
"4",15,1.749,1488,3.041,-4.08218010754368,7.73439952918126
"5",17,0.929,386,1.092,6.41459167261297,7.21837012077059
"6",20,1.799,536,0.121,11.3063895425645,7.92944730522047
"7",35,1.576,226,0.033,12.0966672952369,2.30066351878671
