"","treeID","Z","npoints","convhull_area","X","Y"
"1",30,0.868,77301,3.63,0.734719833133529,1.8886819212563
"2",33,1.379,746,1.278,10.5733096636309,0.762781557407942
"3",37,0.851,19770,3.697,-1.93482133872656,-1.17974976924866
"4",41,1.516,2351,2.681,6.04297861943584,-2.09052047061734
"5",43,0.804,994,2.237,-7.67256310768307,-3.61321435645663
"6",45,0.847,5076,1.52,-2.20859882146776,-4.22809850089506
"7",61,0.56,114,0.507,-2.22671419471903,-13.8136600074686
