"","treeID","Z","npoints","convhull_area","X","Y"
"1",1,1.283,37,0.093,-8.11151635087795,12.2335466848911
"2",2,1.468,960,0.998,0.788541754461883,11.9717969012608
"3",3,1.06,77,0.045,-7.86456018837074,11.3959811333319
"4",4,2.998,1034,5.432,2.59959011183507,10.0481630522257
"5",5,2.587,16688,1.497,-0.627504507952624,3.0565114744444
"6",6,2.999,5146,3.214,7.45967332218135,0.382865054358382
"7",7,2.997,3309,5.8,-13.3871851127141,-2.12216923276277
"8",8,2.999,23808,5.762,-1.06775336607996,-4.82180375122563
"9",9,2.945,539,1.171,-10.4151220838499,-10.3936956946906
