"","treeID","Z","npoints","convhull_area","X","Y"
"1",1,2.988,354,1.826,-13.722140525484,2.41104555640826
"2",2,2.999,3352,3.855,3.76349657449139,-4.34367713710145
"3",3,2.999,12569,7.698,0.47024525537688,-6.48672873883715
"4",4,2.999,3669,8.022,3.25340219009766,-9.36805023660251
"5",5,2.998,1232,5.68,8.518110458319,-10.7107206716722
"6",6,2.999,1580,7.943,-4.96516366353691,-11.1673142144575
"7",7,2.994,72,0.792,8.43611189206835,-11.9734867713308
"8",8,2.999,163,0.786,-4.09731542379524,-14.0358255386667
