"","treeID","Z","npoints","convhull_area","X","Y"
"1",1,2.998,265,4.156,-3.52779883593309,10.9861615935402
"2",2,2.159,1573,1.625,-7.62473776261043,5.68026377368311
"3",3,2.867,5707,4.65,3.76984923819055,4.75172797119735
"4",4,2.597,38,0.031,-13.2553080398052,2.56345045522992
"5",5,1.599,1719,1.676,-9.86722189103835,2.11463478021463
"6",6,2.743,19978,2.151,-2.23136989286496,1.25904273122487
"7",7,2.994,1041,2.352,-4.15155483167951,-8.01922354045177
"8",8,2.992,237,2.213,3.60453371875945,-13.8975301043257
