"","treeID","Z","npoints","convhull_area","X","Y"
"1",1,2.993,1448,4.499,-6.25755919682218,12.6926248823895
"2",2,2.999,1249,3.53,0.983789022750795,11.534684476034
"3",3,2.621,4049,3.62,-5.52416183495532,5.37957061442224
"4",4,2.357,5570,2.78,4.80642922826239,4.4442116592268
"5",5,2.999,7041,3.908,-5.49264697971035,2.65285192043812
"6",6,2.948,23773,3.135,1.37755710892988,-2.89997555595396
"7",7,2.999,1232,4.799,13.6679965948652,-3.24484207705511
