"","treeID","Z","npoints","convhull_area","X","Y"
"1",1,2.998,5011,6.602,4.24596019745939,9.98769798007912
"2",2,2.966,1145,2.831,-5.29176674087705,8.13079939597787
"3",3,2.919,1674,3.102,6.36223763413771,7.23460683926965
"4",5,2.999,34206,4.665,-3.3113345655479,1.71387926715923
"5",6,2.992,1045,4.039,-9.79348843740533,-1.49458711794499
"6",7,2.997,8252,3.606,5.73020386374439,-2.4315502719562
"7",8,2.996,1447,3.152,-7.59124793180173,-5.94900084664648
"8",9,2.983,1751,4.456,-2.30655870944537,-7.24555662427389
"9",10,2.979,835,2.001,-6.3594519023362,-11.8299752676682
