"","treeID","Z","npoints","convhull_area","X","Y"
"1",1,2.998,2270,8.515,-0.247560267106383,11.6070019715174
"2",2,2.999,1955,1.006,13.1482962480544,6.08306027440784
"3",3,2.999,9301,9.599,5.76712761113311,6.77074704136795
"4",4,2.796,1171,3.082,-11.79774945407,2.68143217641882
"5",5,2.875,1602,2.005,7.21048603099417,2.76806586545707
"6",6,2.999,70523,5.163,-1.77449717145668,1.44728343095825
"7",7,2.758,1091,2.752,-9.84451293007944,-1.10634602061897
"8",8,2.561,10273,4.353,0.722566978767438,-5.53076574681207
