"","treeID","Z","npoints","convhull_area","X","Y"
"1",3,1.118,339,0.932,6.75470069368868,9.59572565282168
"2",11,0.658,1651,0.224,2.73990689921064,2.74152210965462
"3",19,0.081,179,0.193,-5.23937879226778,-3.24289891251683
"4",20,0.752,113,0.173,-9.25658503945296,-4.18959605209664
"5",22,0.475,673,0.216,-2.7633494173604,-5.74180129162179
"6",23,0.313,257,0.225,5.23767351489621,-5.75174555127989
"7",24,0.22,191,0.199,7.76077846645881,-6.21883659850147
"8",26,0.888,1139,0.612,-6.54300823613652,-6.55507882933655
"9",27,0.498,123,0.137,1.29905994007452,-9.27976440747864
