"","treeID","Z","npoints","convhull_area","X","Y"
"1",10,0.225,1985,0.13,2.24563074631492,2.76767830754512
"2",12,0.307,521,0.212,-7.26657250971826,2.25414026261488
"3",18,0.33,433,0.233,6.24675130391719,-0.243543019248165
"4",25,0.135,117,0.096,-0.138922520223597,-5.70499801293683
"5",26,0.131,160,0.207,5.28081515330734,-5.74584104235314
