"","treeID","Z","npoints","convhull_area","X","Y"
"1",8,1.01,1654,1.406,7.70594679162794,5.74716001436042
"2",16,1.158,353,1.104,-14.0869111150072,0.766598594941706
"3",18,0.145,219,0.184,-6.28105751012435,-1.78414381921174
"4",21,0.58,237,0.202,-10.2727011785678,-2.254262138572
"5",23,0.501,354,0.239,-4.75101519323061,-3.24724706647239
"6",25,0.375,414,0.198,4.22152926069121,-4.24871269720938
"7",30,0.534,426,0.552,4.46164662454046,-6.34496012332686
