"","treeID","Z","npoints","convhull_area","X","Y"
"1",6,1.628,626,1.648,7.91140001771491,12.2165382644469
"2",16,1.622,1114,2.014,4.16884280716807,9.52017134292435
"3",28,1.633,16388,4.998,2.42018228248268,3.67310293820434
"4",57,0.488,123,0.122,12.554582566438,-4.92540975159305
"5",67,0.624,269,0.532,-5.33652449526678,-6.50277078986233
