"","treeID","Z","npoints","convhull_area","X","Y"
"1",3,0.51,121,0.887,4.13019459428163,11.6100177357099
"2",15,0.179,104,0.181,12.2787933441339,3.73355117338758
"3",17,0.271,363,0.239,6.2515903687383,2.75511692560308
"4",23,0.196,887,0.242,-4.25314884421064,-0.247569273234907
"5",26,0.099,1478,0.186,-2.73247785800467,-1.6972424318854
"6",27,0.251,267,0.143,6.74243543997193,-1.652857182655
"7",30,0.226,1289,0.244,-1.74748922133191,-3.2471695029066
"8",34,0.43,260,0.208,-6.25023368413474,-4.76563381133525
"9",37,0.601,239,0.45,-8.64481735246641,-6.68934329943716
