"","treeID","Z","npoints","convhull_area","X","Y"
"1",8,0.169,215,0.226,-4.25747080290623,6.74202749686956
"2",15,0.622,3992,0.244,1.74660107306932,1.24777783738516
"3",17,0.941,6981,1.618,-4.76946596110739,-0.251521999814755
"4",19,0.514,1090,0.175,3.24763256064104,-2.24344871270398
"5",20,1.423,1131,3.718,13.2795596319607,-2.75950749962323
"6",22,0.384,737,0.243,1.74676376403607,-4.24895323738042
"7",29,1.299,2917,2.106,5.75846508586828,-8.28079881852821
"8",32,0.819,595,1.378,8.77543140793089,-9.28349188554485
"9",34,1.013,1019,1.263,3.16905139624344,-10.2491803110415
