"","treeID","Z","npoints","convhull_area","X","Y"
"1",53,0.15,1009,1.13,-1.25323916654164,-4.25222831165616
