"","treeID","Z","npoints","convhull_area","X","Y"
"1",5,1.706,473,1.185,-9.58621818126588,10.5499943589183
"2",6,0.494,118,0.161,4.28469052966207,10.7281175191609
"3",7,0.331,134,0.193,2.78119459444498,8.74119675687458
"4",9,0.304,317,0.199,2.77733650304078,6.28478917426861
"5",11,0.149,690,0.226,1.73784152268137,4.26793924497524
"6",15,0.249,2305,0.21,1.75213503761909,2.7868549830883
"7",19,0.036,2297,0.23,3.24197825104508,0.766383607241251
"8",22,1.299,135,0.14,13.8223110382248,-0.726953316188752
"9",23,0.46,9558,0.234,-0.23448232199496,-1.24585348913344
