"","treeID","Z","npoints","convhull_area","X","Y"
"1",4,0.371,103,0.224,1.74561335467005,12.7480367648647
"2",10,0.202,178,0.206,4.26270835175406,7.73334509830594
"3",16,0.724,670,0.504,-12.8743241173071,2.89388741161832
"4",18,0.555,7714,0.243,-0.755810983726134,1.753122068417
"5",23,0.309,120,0.139,5.18592076010838,-1.78285188205115
"6",30,0.318,427,1.039,12.6283004161824,-3.77411082949796
"7",38,1.211,1122,0.887,5.22023235966512,-6.35705317241999
