"","treeID","Z","npoints","convhull_area","X","Y"
"1",14,0.544,462,0.225,-5.2423232786433,5.74282680078854
"2",21,0.374,159,0.213,-11.2325472184604,1.74573181168416
"3",22,0.705,23373,1.997,-2.68588360313141,1.68825654037473
"4",23,0.448,1161,0.233,-4.74631464286072,1.25906412687924
"5",25,0.223,333,0.192,11.7599703058201,0.222843502168808
"6",49,1.253,507,0.409,-2.35935598507853,-11.1592241669374
