"","treeID","Z","npoints","convhull_area","X","Y"
"1",1,1.942,363,1.337,-3.64220820407801,13.6313322790887
"2",4,1.308,107,1.572,4.58346273005296,12.5820073418067
"3",21,2.04,436,0.94,-12.9829311760322,6.35776873508459
"4",43,1.888,296,3.444,10.85413365162,-2.34734978550275
