"","treeID","Z","npoints","convhull_area","X","Y"
"1",1,0.523,101,0.139,4.7870002405202,13.2436638826454
"2",5,0.368,360,0.199,-1.26733868837216,7.73179705569375
"3",10,0.072,324,0.223,6.2419520132031,1.24875989933237
"4",11,0.259,155,0.184,-14.3077559828526,-0.745583607029049
"5",13,0.105,12248,0.241,-0.743892881069074,-1.25627623545451
"6",15,0.087,4808,0.246,1.24786340240639,-2.24834400474466
"7",17,0.703,642,0.222,-1.26492110547584,-4.76576700154763
