"","treeID","Z","npoints","convhull_area","X","Y"
"1",5,1.552,117,0.913,7.81415728141378,11.6776252997963
"2",7,1.536,300,1.244,7.28388329552847,8.74178858810276
"3",16,1.456,2634,2.046,-8.19511313197663,1.75319727937038
"4",19,1.592,11014,2.182,-4.23076693824809,-0.240550951092508
"5",20,1.104,198,0.174,-8.19009906892266,-0.74689118631106
"6",24,1.64,2850,2.061,-5.21503771930186,-2.74863789044812
"7",25,1.221,654,1.35,-9.66380394605284,-3.72483939930332
"8",31,0.096,168,0.177,3.80222127715615,-6.74078509498479
"9",34,0.678,195,0.093,8.65940295271025,-8.6351628773372
