"","treeID","Z","npoints","convhull_area","X","Y"
"1",14,0.276,159,0.073,3.25230369567736,9.66735702165069
"2",28,1.84,209,1.819,-11.2252934311031,3.68475182447981
"3",32,1.877,2754,3.029,6.62382381189614,2.37869589269891
"4",33,1.87,3121,5.244,9.74311699250059,2.18650625519826
"5",43,0.749,150,0.111,-12.2030788349316,-1.79571452788761
"6",44,1.239,1014,1.101,7.76163625321153,-1.64914813972133
"7",59,1.157,967,1.294,-5.74448334536603,-6.78867692941988
"8",61,0.988,321,1.615,-2.13739061071546,-6.63636130068175
"9",68,1.392,150,0.471,5.73239397357909,-11.0894709839779
