"","treeID","Z","npoints","convhull_area","X","Y"
"1",7,0.504,12685,0.244,1.74745466648906,1.24651231748179
"2",10,0.411,359,0.074,11.4102771887806,0.775083848095099
"3",12,0.318,3033,0.232,3.26353584082504,-0.260666875887932
"4",16,0.374,932,0.23,0.249503125890819,-4.25998094726206
"5",17,1.162,3080,0.522,-1.83147518157393,-4.91554478398213
"6",18,0.793,234,0.187,-7.74661606503491,-5.30056697138403
"7",19,0.206,100,0.155,11.2856605966671,-5.23681735014454
"8",22,0.642,216,0.076,6.7496984985222,-6.69074420282229
