"","treeID","Z","npoints","convhull_area","X","Y"
"1",10,0.518,151,0.041,-4.62687888036955,4.20752503087065
"2",12,0.503,106,0.091,8.18235058003958,2.78748461442265
"3",13,0.255,1438,0.219,3.27809347306381,1.75265823709195
"4",14,0.567,1065,0.201,-5.23399891793694,0.760182106747011
"5",15,0.062,6141,0.189,-1.69233713783556,0.239694501647265
"6",17,0.484,440,0.033,-3.11066791341156,-1.76959018288943
"7",20,0.261,176,0.096,8.65697438902838,-5.7793470947375
"8",23,0.519,182,0.167,5.7699988101792,-8.2267392686741
"9",25,0.62,125,0.173,-2.20713399987078,-11.2474455916629
