"","treeID","Z","npoints","convhull_area","X","Y"
"1",11,0.789,130,0.156,-3.27427220136933,8.76337553715364
"2",12,0.514,281,0.184,-2.26476160315206,8.27428590130451
"3",18,0.605,309,0.234,-3.74526646657339,6.74185554617989
"4",25,0.46,639,0.217,-2.75404570745083,3.73243063745686
"5",26,1.668,358,1.862,6.90633450515224,2.15193226260059
"6",41,1.152,2439,1.276,-4.74116248456565,-2.84996733300205
