"","treeID","Z","npoints","convhull_area","X","Y"
"1",4,1.657,666,1.58,-1.69031148834357,12.6585135852533
"2",8,1.309,1028,2.063,-3.25960056437456,10.7160208727454
"3",20,1.854,11201,5.022,0.791340477769081,4.67247841855422
"4",29,1.875,1355,3.911,-8.84364656017208,1.78358765682294
"5",35,1.83,2077,1.955,-10.2510320710993,-0.767346293204794
"6",36,1.635,1474,2.184,6.6028960102198,-0.684779221873563
"7",48,1.566,127,1.261,12.1892668876786,-6.37702149197352
"8",51,0.381,118,0.531,12.2078182024261,-7.416688919072
