"","treeID","Z","npoints","convhull_area","X","Y"
"1",13,1.322,1520,1.927,-9.19858264500184,4.70229497570325
"2",20,0.107,208,0.224,-10.7431104981869,-0.248240853928405
"3",21,1.006,2661,1.931,7.75087429313535,-0.332951974076342
"4",24,0.989,7863,2.24,3.7489147930329,-2.24817405848438
"5",27,0.292,168,0.123,-10.3449409029439,-4.69818404341582
"6",30,0.614,1349,1.547,2.75671967638348,-5.73839280534013
"7",37,1.845,295,0.783,-5.21139640537257,-10.1124117181567
