"","treeID","Z","npoints","convhull_area","X","Y"
"1",7,0.683,5398,0.235,-0.751586189932617,2.26129047795506
"2",8,0.493,1052,0.093,3.6695259617986,0.749059774575515
"3",10,1.493,674,0.564,-13.2644492223507,-0.0601720832863872
"4",11,0.898,1994,1.465,-9.21316618757291,-0.246357302695905
"5",17,0.47,461,0.162,5.26089286119553,-2.70971151088636
"6",20,0.049,133,0.178,9.27081214858054,-4.72943567530178
"7",22,0.364,225,0.152,1.2439772462346,-6.17729107806529
"8",23,1.905,1008,1.694,-11.1402143073406,-7.78999903070637
