"","treeID","Z","npoints","convhull_area","X","Y"
"1",7,1.41,260,1.182,-11.6625914064907,8.48823656287824
"2",8,1.521,712,2.263,-10.2257090630255,8.85397918247669
"3",14,1.348,1535,1.215,-8.83186263369296,4.72303845450968
