"","treeID","Z","npoints","convhull_area","X","Y"
"1",6,1.301,519,1.65,-2.38524737976631,11.6747100356895
"2",7,1.44,560,1.87,-4.30020705051386,10.769740687911
"3",27,0.936,6613,2.172,-2.23474935813955,2.74504115136701
"4",31,1.12,58255,1.686,-0.250141461863925,1.75468700465423
"5",39,1.973,241918,5.476,1.26418449954884,-0.769888810560497
"6",63,0.942,890,1.549,-0.722759953951488,-11.6352032885617
