"","treeID","Z","npoints","convhull_area","X","Y"
"1",5,0.179,153,1.255,-9.71452239840582,9.27895067315131
"2",7,1.453,158,0.043,13.5572360684511,6.18817999584305
"3",8,0.838,544,0.201,0.762681427959645,4.78401531403227
"4",12,0.575,1323,0.217,-3.72792895314295,2.26879743368035
"5",18,0.557,2943,0.216,1.75722936522264,-1.73486664753432
"6",21,0.841,111,0.155,8.73825291275381,-2.69083192717632
"7",22,0.42,234,0.139,6.26513758976677,-5.1894798417857
"8",25,1.45,617,1.287,4.25310753646107,-7.70173919669663
