"","treeID","Z","npoints","convhull_area","X","Y"
"1",12,1.504,593,3.274,3.15515357332461,8.23865517152383
"2",22,1.182,626,3.615,10.6150696576983,4.37184978526585
"3",44,1.27,1784,3.69,6.47542394628656,-3.71623331497204
