"","treeID","Z","npoints","convhull_area","X","Y"
"1",7,0.341,109,0.129,-5.2740320295203,9.68953748430116
"2",9,0.453,281,0.158,7.75084264748956,8.75989453226197
"3",10,0.493,177,0.186,-4.24787936831307,8.24289738635537
"4",11,0.437,179,0.201,0.768669166840635,8.21291330907717
"5",13,1.396,703,0.915,-7.22206608039647,5.7461453902007
"6",17,0.228,2411,0.074,-0.755939126832163,2.14583881218717
"7",20,0.419,803,0.106,-9.16906617194076,-0.288668246779814
"8",22,0.835,3201,0.204,2.26039618262427,-1.79169035044078
