"","treeID","Z","npoints","convhull_area","X","Y"
"1",1,1.517,220,1.254,-0.777246747692345,14.0289537627431
"2",32,1.337,116,0.851,13.448837887183,5.17159747051655
