"","treeID","Z","npoints","convhull_area","X","Y"
"1",10,1.325,188,1.571,-7.791937877014,8.71422235842381
"2",13,1.862,1143,2.683,-5.8808351888027,8.31330447866196
"3",20,1.129,102,0.645,-6.94085319573033,5.25385312752305
"4",25,1.346,1012,2.044,-10.2419701071616,2.73878404222502
"5",29,1.561,111832,2.245,-1.25033254870227,1.2505749251034
"6",30,0.723,987,0.851,-7.96319467363182,-0.0305127366011097
"7",32,1.67,97252,2.245,0.749154871185466,-1.74940809831341
"8",35,1.963,67829,5.609,-2.74291133511638,-2.24678739259753
"9",47,1.25,458,1.149,12.9003398445501,-6.08878465768352
