"","treeID","Z","npoints","convhull_area","X","Y"
"1",21,1.287,810,1.437,-10.7270277150903,6.93610259349902
"2",26,1.876,3807,4.184,-5.17000583225342,5.07273333549257
"3",30,0.98,979,1.487,-7.48994771510555,4.32905697393773
"4",47,1.824,471,0.696,12.4319573271986,-1.34623369259705
"5",78,1.565,411,0.992,-7.90212673400579,-11.1639042032285
