"","treeID","Z","npoints","convhull_area","X","Y"
"1",4,0.402,1462,0.24,-2.25351940326496,3.75185601822431
"2",10,0.199,369,0.242,6.24945483441226,1.24941256858282
"3",18,1.102,285,0.167,-8.27287005024083,-9.75226277070788
"4",19,0.239,280,1.025,-6.28096851847243,-10.0945585394424
