"","treeID","Z","npoints","convhull_area","X","Y"
"1",23,1.762,140,0.343,-9.10737186954329,3.94878961018265
"2",62,1.856,155,0.888,-2.7337263399966,-9.94303023611902
