"","treeID","Z","npoints","convhull_area","X","Y"
"1",19,1.879,902,2.687,-8.19249467892067,2.91793688776693
"2",21,1.666,8589,3.797,4.41486318978423,1.30200631590248
"3",25,1.436,6663,2.204,5.74445026427494,0.260260353950423
"4",29,1.985,10075,2.228,4.25308736351123,-1.75203116402056
"5",38,1.742,4801,4.64,3.78531634115765,-4.63935499120535
