"","treeID","Z","npoints","convhull_area","X","Y"
"1",1,1.387,1136,1.432,1.25254885687184,14.0035766365019
"2",7,0.314,209,0.09,6.80657850170747,9.82950505355033
"3",8,0.553,215,0.196,8.72698634303531,7.71667780157503
"4",15,1.191,320,0.892,13.6460728187994,3.04601411931818
"5",18,0.303,1260,0.232,-4.74986423258232,-0.261147343478339
"6",24,1.236,6996,1.225,1.22950156875292,-4.65079656572071
"7",25,0.401,330,0.108,3.70035096883753,-5.21656293944554
