"","treeID","Z","npoints","convhull_area","X","Y"
"1",3,0.688,110,0.301,5.85918501724245,12.5242921453773
"2",55,1.657,1268,3.43,1.23842404509884,-7.70077931889601
