"","treeID","Z","npoints","convhull_area","X","Y"
"1",12,0.44,222,0.947,2.72721199790729,7.79128496372086
"2",22,1.555,1385,2.064,-4.72706482996856,5.70892392124468
"3",42,1.632,5537,2.064,-4.26957091420528,-4.21711963749664
"4",56,0.945,469,1.297,-8.31116968394417,-11.2924651999017
