"","treeID","Z","npoints","convhull_area","X","Y"
"1",26,1.39,374,1.906,8.21919463730211,4.10292711864303
"2",44,1.818,1505,1.533,-7.52862847367162,-2.69687541253587
"3",55,1.491,607,2.412,3.67831496671141,-6.69894304225472
