"","treeID","Z","npoints","convhull_area","X","Y"
"1",10,1.586,851,2.942,6.01331967493886,10.9278860088891
"2",76,1.97,1563,4.804,-4.26426117817079,-8.19139469528638
"3",88,1.718,205,0.619,6.11340630303305,-12.862217824726
