"","treeID","Z","npoints","convhull_area","X","Y"
"1",5,1.259,280,1.24,-8.8258851160268,9.7734630044138
"2",7,1.314,384,0.997,9.74280241784704,9.05866671345034
"3",9,1.368,4751,5.139,1.77259705598854,8.17522071732134
"4",18,0.692,145,0.081,14.1612584006225,4.16427625816863
"5",22,1.824,373,1.864,10.1840558087248,1.81071686684361
"6",44,1.952,313,1.279,9.09841856383031,-9.8757717021556
"7",46,0.915,273,0.273,-0.386803746737592,-10.1836649802622
"8",48,0.234,159,0.087,2.78510899126596,-10.7424607486323
