"","treeID","Z","npoints","convhull_area","X","Y"
"1",8,0.838,410,0.189,-0.276776260856369,5.20897708031155
"2",11,1.952,302,0.127,-11.314433042987,2.28550575831625
