"","treeID","Z","npoints","convhull_area","X","Y"
"1",7,1.653,327,1.147,-8.1071242998973,11.5732494064734
"2",36,0.863,494,1.323,6.18095105546175,-2.24344913822684
"3",50,1.048,343,1.927,4.80873649055003,-12.7315629470089
