"","treeID","Z","npoints","convhull_area","X","Y"
"1",18,0.38,988,0.203,4.27384758195599,-0.263634501719569
"2",19,0.753,715,0.24,-6.74948568487797,-1.25376514724334
"3",20,1.197,4881,0.168,2.22879850011927,-1.22697363132156
"4",21,0.464,657,0.134,7.14245032899536,-1.76573056047043
"5",22,0.353,1873,0.203,-1.22410945060254,-2.76201954897597
