"","treeID","Z","npoints","convhull_area","X","Y"
"1",19,1.279,810,3.409,-8.79642952824576,3.72745081240482
