"","treeID","Z","npoints","convhull_area","X","Y"
"1",8,0.671,465,0.128,-1.63912018032518,6.24334564930347
"2",10,0.302,189,0.21,4.73021699341427,5.74016632988299
"3",19,1.42,2491,1.149,5.59499426144112,1.70923589876321
"4",20,0.472,304,0.189,-7.29177310179198,0.23532953647744
"5",21,0.356,13096,0.233,0.244893748943933,-1.76466170923869
"6",23,0.661,1132,0.422,-2.22508792869007,-4.02652193581268
