"","treeID","Z","npoints","convhull_area","X","Y"
"1",6,1.436,111,0.692,-0.113470058474633,11.6600589313453
"2",35,1.739,3739,4.552,5.47840467765348,0.209831302315659
"3",44,1.212,18249,1.948,4.18613852433413,-2.27645795218326
"4",51,1.747,254,0.892,7.02751999123856,-3.67182834250874
"5",58,0.98,217,1.019,-9.67648305626092,-5.62720873617274
