"","treeID","Z","npoints","convhull_area","X","Y"
"1",2,0.402,193,0.145,10.7217745923805,9.18923643249289
"2",12,0.797,4074,1.532,3.26826316683346,3.19481151962336
"3",15,0.31,1787,0.195,-1.71458379277173,1.26941822850114
"4",29,0.395,414,0.117,-0.316966582956495,-5.70871129402806
"5",30,0.359,168,0.147,-2.17817583777738,-7.228910993967
"6",31,1.186,379,1.349,7.75864518429377,-8.78702446027919
"7",34,1.505,132,1.229,9.27005281448633,-10.2680827952629
