"","treeID","Z","npoints","convhull_area","X","Y"
"1",79,1.606,494,1.314,-6.72189949059598,-7.80628454731714
"2",93,1.465,429,1.444,-2.74311336898643,-11.5656095759128
