"","treeID","Z","npoints","convhull_area","X","Y"
"1",14,1.847,683,1.635,2.49041838811206,10.4311505928755
"2",15,1.132,172,0.959,9.32725177145358,10.2313723050514
"3",23,1.602,234,1.109,9.19866308983875,7.30033836951425
"4",27,1.825,8788,3.978,-0.285130044025676,5.26422960559543
"5",28,0.391,249,0.199,6.24006223707128,4.78758127763264
"6",49,1.684,772,1.918,11.8062386867629,-3.74406986117642
"7",65,1.899,1223,4.982,2.71821082464818,-11.1288795618543
