"","treeID","Z","npoints","convhull_area","X","Y"
"1",46,1.165,2068,1.447,6.23805115875088,-3.2449397343092
"2",61,1.102,155,0.103,-0.244437220262572,-10.2306565019261
"3",62,1.202,1136,1.834,-2.75069568079543,-10.7857597952589
