"","treeID","Z","npoints","convhull_area","X","Y"
"1",59,1.563,1771,4.383,-2.1131435179307,-6.65623199200627
"2",75,1.684,153,1.198,-6.21188017382474,-12.4891898401697
