"","treeID","Z","npoints","convhull_area","X","Y"
"1",15,1.103,215,1.165,10.8040526443223,6.2358110778697
"2",45,1.13,401,1.022,-1.76793488140399,-13.9791093672624
